{
  "mae_mu": 1.1079286336898804,
  "rmse_mu": 1.70038640499115,
  "mae_persistence": 0.009814768098294735,
  "rmse_persistence": 0.012345757335424423,
  "avg_sigma": 2.3437652587890625,
  "nll": 1.714935302734375,
  "coverage_95": 0.99462890625,
  "residual_variance": 2.8814077377319336,
  "predicted_variance": 8.421329498291016
}