{
  "mae_ann": 0.5641929507255554,
  "mae_persistence": 0.5257227420806885,
  "rmse_ann": 0.8699718829248293,
  "rmse_persistence": 0.853316434404812,
  "r2_ann": -0.03964054584503174,
  "r2_persistence": -0.0002142190933227539,
  "mape_ann": 581.6588745117188,
  "mape_persistence": 100.0
}