epoch,learning_rate,loss,val_loss
0,9.999999747378752e-05,1.97835111618042,1.4566526412963867
1,9.999999747378752e-05,1.473347544670105,1.5291345119476318
2,9.999999747378752e-05,1.340407371520996,1.5936498641967773
3,9.999999747378752e-05,1.2403583526611328,1.5286917686462402
4,9.999999747378752e-05,1.1851779222488403,1.5560152530670166
5,4.999999873689376e-05,1.154698371887207,1.6148648262023926
6,4.999999873689376e-05,1.1310365200042725,1.6306205987930298
7,4.999999873689376e-05,1.09819757938385,1.5493844747543335
8,4.999999873689376e-05,1.1046297550201416,1.4869240522384644
