epoch,learning_rate,loss,val_loss
0,9.999999747378752e-05,1.8576349020004272,1.3575252294540405
1,9.999999747378752e-05,1.368578553199768,1.3593937158584595
2,9.999999747378752e-05,1.2540475130081177,1.3971279859542847
3,9.999999747378752e-05,1.164042592048645,1.4364609718322754
4,9.999999747378752e-05,1.1135362386703491,1.483755111694336
5,4.999999873689376e-05,1.0702022314071655,1.5507357120513916
6,4.999999873689376e-05,1.0616713762283325,1.4374687671661377
7,4.999999873689376e-05,1.0351065397262573,1.5001952648162842
8,4.999999873689376e-05,1.042508840560913,1.455931544303894
