{"seed":20251113,"model":"2bANN2_HO_model_copied_20251115_153149.keras","sample_count":20,"first_preds_3":[495.670501708984,497.295928955078,494.026489257812]}